                  epoch,         train/box_loss,         train/cls_loss,         train/dfl_loss,   metrics/precision(B),      metrics/recall(B),       metrics/mAP50(B),    metrics/mAP50-95(B),           val/box_loss,           val/cls_loss,           val/dfl_loss,                 lr/pg0,                 lr/pg1,                 lr/pg2
                      1,                0.82645,                 2.3765,                 1.2155,                0.75373,                0.56704,                0.60131,                 0.4836,                0.66826,                 1.2982,                 1.1321,              0.0033328,              0.0033328,              0.0033328
                      2,                0.81823,                 1.5943,                 1.1926,                0.78895,                0.59998,                0.65231,                 0.5174,                0.68491,                0.99439,                 1.1469,              0.0066397,              0.0066397,              0.0066397
                      3,                0.86807,                 1.4145,                 1.2194,                0.82092,                0.58382,                0.67943,                0.53521,                 0.7044,                0.91768,                 1.1708,              0.0099203,              0.0099203,              0.0099203
                      4,                 0.8706,                  1.283,                  1.221,                0.77089,                0.66857,                0.72265,                0.58056,                0.66507,                0.78432,                 1.1387,              0.0098812,              0.0098812,              0.0098812
                      5,                 0.8229,                 1.1415,                 1.1943,                0.75742,                0.70223,                 0.7671,                0.61862,                0.62543,                0.69674,                 1.1065,              0.0098812,              0.0098812,              0.0098812
                      6,                0.78853,                 1.0546,                 1.1688,                0.82446,                0.70181,                0.78961,                0.64197,                0.60967,                 0.6662,                 1.0864,              0.0098416,              0.0098416,              0.0098416
                      7,                0.76542,                0.98825,                 1.1587,                0.81443,                 0.7658,                0.82331,                0.67884,                0.58155,                0.59143,                 1.0674,               0.009802,               0.009802,               0.009802
                      8,                0.74984,                0.94837,                 1.1475,                0.86545,                0.75883,                 0.8298,                0.68673,                0.56703,                0.58065,                 1.0571,              0.0097624,              0.0097624,              0.0097624
                      9,                0.73869,                0.91841,                 1.1406,                0.87443,                0.76537,                0.83609,                0.69157,                0.56375,                0.57014,                 1.0545,              0.0097228,              0.0097228,              0.0097228
                     10,                0.72528,                0.88681,                 1.1341,                0.88037,                 0.7725,                0.85059,                0.71611,                0.55259,                0.53141,                 1.0443,              0.0096832,              0.0096832,              0.0096832
                     11,                0.71947,                 0.8693,                 1.1272,                0.85538,                0.79215,                0.85803,                0.71965,                0.53919,                0.51976,                 1.0343,              0.0096436,              0.0096436,              0.0096436
                     12,                0.71305,                0.85497,                 1.1288,                0.89983,                0.80837,                0.87058,                 0.7317,                0.53398,                0.50266,                 1.0303,               0.009604,               0.009604,               0.009604
                     13,                0.70536,                0.82883,                  1.122,                0.87842,                0.80545,                0.87215,                0.73377,                 0.5302,                0.49182,                 1.0288,              0.0095644,              0.0095644,              0.0095644
                     14,                0.70553,                0.82088,                 1.1233,                0.88928,                0.80828,                0.87804,                 0.7421,                0.52217,                0.48338,                 1.0196,              0.0095248,              0.0095248,              0.0095248
                     15,                0.69959,                0.80625,                 1.1186,                 0.8799,                 0.8279,                0.88933,                0.74937,                0.51897,                0.46347,                 1.0163,              0.0094852,              0.0094852,              0.0094852
                     16,                0.69259,                0.79395,                 1.1151,                0.90785,                 0.8131,                0.89451,                0.75481,                0.51535,                0.46427,                 1.0139,              0.0094456,              0.0094456,              0.0094456
                     17,                0.69045,                0.78235,                 1.1129,                0.89851,                0.81849,                0.89087,                0.75822,                0.50763,                0.45657,                 1.0069,               0.009406,               0.009406,               0.009406
                     18,                0.68501,                0.77228,                 1.1089,                0.88855,                 0.8175,                0.89189,                 0.7631,                0.50671,                0.45022,                 1.0026,              0.0093664,              0.0093664,              0.0093664
                     19,                0.68107,                0.76384,                 1.1066,                 0.9161,                0.81748,                0.89574,                0.76966,                 0.4957,                0.44126,                0.99932,              0.0093268,              0.0093268,              0.0093268
                     20,                0.67814,                0.75507,                 1.1055,                0.90893,                 0.8279,                0.90484,                0.77713,                 0.4983,                0.43447,                  1.003,              0.0092872,              0.0092872,              0.0092872
                     21,                0.67583,                0.74657,                 1.1049,                0.89313,                0.84502,                0.90696,                0.77359,                0.50071,                0.43176,                 1.0038,              0.0092476,              0.0092476,              0.0092476
                     22,                0.67336,                0.73818,                 1.1017,                0.90629,                0.82847,                0.90773,                0.77904,                0.49513,                0.43011,                0.99895,               0.009208,               0.009208,               0.009208
                     23,                0.66812,                0.74185,                 1.1015,                 0.8982,                 0.8319,                0.90887,                0.77964,                0.49477,                0.42639,                0.99752,              0.0091684,              0.0091684,              0.0091684
                     24,                 0.6708,                0.73224,                 1.1017,                0.92835,                0.83036,                0.91018,                0.78275,                0.49074,                0.42182,                0.99476,              0.0091288,              0.0091288,              0.0091288
                     25,                0.66708,                0.72618,                 1.0973,                0.90762,                0.83742,                0.91013,                0.77919,                0.49077,                0.41685,                0.99382,              0.0090892,              0.0090892,              0.0090892
                     26,                0.66501,                0.72582,                 1.0993,                0.91139,                 0.8324,                0.91219,                0.78248,                0.48929,                0.41041,                0.99312,              0.0090496,              0.0090496,              0.0090496
                     27,                0.66165,                0.71485,                 1.0941,                0.90198,                0.84894,                0.91545,                0.78445,                0.48929,                0.41107,                0.99248,                0.00901,                0.00901,                0.00901
                     28,                0.65849,                0.70744,                 1.0941,                0.92152,                  0.836,                0.91474,                0.78334,                0.48649,                0.40587,                0.99085,              0.0089704,              0.0089704,              0.0089704
                     29,                0.65916,                0.70662,                 1.0939,                0.90709,                0.84658,                0.91608,                0.78827,                0.48373,                0.40188,                0.98906,              0.0089308,              0.0089308,              0.0089308
                     30,                0.66104,                0.70235,                 1.0945,                0.90639,                0.85163,                0.91792,                0.78875,                0.48148,                0.39974,                0.98751,              0.0088912,              0.0088912,              0.0088912
                     31,                 0.6558,                 0.6959,                 1.0929,                 0.9079,                0.85078,                0.91813,                0.78913,                0.48141,                0.39646,                0.98785,              0.0088516,              0.0088516,              0.0088516
                     32,                0.65573,                0.69348,                 1.0931,                0.91148,                0.85009,                0.91923,                0.79086,                0.48044,                0.39514,                0.98737,               0.008812,               0.008812,               0.008812
                     33,                0.65256,                0.68986,                 1.0909,                0.91195,                0.85232,                 0.9192,                0.79112,                0.47916,                0.39365,                 0.9855,              0.0087724,              0.0087724,              0.0087724
                     34,                0.64953,                 0.6825,                 1.0885,                0.91131,                0.85519,                0.91901,                0.79161,                0.47847,                0.39368,                0.98534,              0.0087328,              0.0087328,              0.0087328
                     35,                0.65262,                0.68257,                 1.0902,                0.91198,                0.85491,                0.91936,                0.79128,                0.47763,                0.39249,                0.98448,              0.0086932,              0.0086932,              0.0086932
                     36,                0.64915,                0.68266,                 1.0877,                0.90967,                 0.8502,                0.91905,                0.79123,                0.47724,                0.39181,                0.98414,              0.0086536,              0.0086536,              0.0086536
                     37,                0.64831,                0.67377,                 1.0855,                0.90876,                0.85545,                 0.9207,                0.79323,                0.47635,                0.39093,                0.98354,               0.008614,               0.008614,               0.008614
                     38,                0.64362,                0.66925,                 1.0842,                0.90799,                0.85606,                0.92119,                0.79581,                0.47585,                0.39004,                0.98322,              0.0085744,              0.0085744,              0.0085744
                     39,                0.63996,                 0.6665,                  1.082,                0.91067,                0.85355,                0.92175,                0.79287,                0.47528,                0.38913,                0.98318,              0.0085348,              0.0085348,              0.0085348
                     40,                0.63789,                0.65968,                 1.0829,                0.90812,                0.85736,                0.92216,                0.79297,                0.47452,                0.38786,                0.98272,              0.0084952,              0.0084952,              0.0084952
                     41,                0.64117,                  0.668,                 1.0832,                0.90422,                0.86115,                 0.9226,                0.79494,                0.47431,                0.38723,                0.98299,              0.0084556,              0.0084556,              0.0084556
                     42,                0.64032,                0.65909,                 1.0838,                0.90185,                0.86192,                0.92303,                 0.7957,                0.47357,                0.38604,                0.98247,               0.008416,               0.008416,               0.008416
                     43,                0.64004,                0.65667,                 1.0827,                0.90233,                0.86236,                0.92338,                0.79694,                0.47339,                0.38541,                0.98246,              0.0083764,              0.0083764,              0.0083764
                     44,                0.63828,                0.65687,                 1.0812,                0.89544,                0.86826,                0.92303,                0.79739,                0.47327,                0.38518,                0.98217,              0.0083368,              0.0083368,              0.0083368
                     45,                0.63473,                0.64964,                  1.081,                0.89623,                0.86831,                0.92313,                0.79918,                0.47327,                0.38417,                0.98205,              0.0082972,              0.0082972,              0.0082972
                     46,                0.63791,                0.65186,                 1.0802,                0.89574,                0.86956,                0.92433,                0.80044,                0.47307,                0.38322,                0.98202,              0.0082576,              0.0082576,              0.0082576
                     47,                0.63589,                0.64986,                 1.0794,                 0.8961,                0.87097,                  0.924,                0.79984,                0.47231,                0.38315,                0.98125,               0.008218,               0.008218,               0.008218
                     48,                0.63067,                 0.6458,                 1.0778,                0.89549,                0.87037,                 0.9239,                0.79973,                0.47221,                0.38206,                0.98116,              0.0081784,              0.0081784,              0.0081784
                     49,                0.63488,                0.64386,                 1.0801,                0.90787,                0.87137,                 0.9251,                0.80114,                0.47193,                0.38125,                  0.981,              0.0081388,              0.0081388,              0.0081388
                     50,                0.63298,                0.64465,                 1.0769,                0.90509,                0.87325,                0.92523,                0.80282,                0.47207,                0.37994,                0.98131,              0.0080992,              0.0080992,              0.0080992
                     51,                0.63456,                0.64504,                 1.0812,                0.89915,                0.87422,                0.92582,                0.80467,                0.47174,                0.37899,                0.98094,              0.0080596,              0.0080596,              0.0080596
                     52,                0.63076,                0.63621,                 1.0767,                0.90672,                0.86834,                0.92653,                0.80508,                0.47139,                  0.378,                0.98053,                0.00802,                0.00802,                0.00802
                     53,                0.63156,                0.63971,                 1.0793,                0.91359,                0.86655,                0.92697,                0.80373,                0.47106,                0.37758,                0.97999,              0.0079804,              0.0079804,              0.0079804
                     54,                0.62951,                0.63819,                 1.0773,                0.91446,                0.86607,                0.92701,                0.80422,                0.47096,                0.37733,                0.97985,              0.0079408,              0.0079408,              0.0079408
                     55,                0.63163,                0.63408,                 1.0781,                 0.9188,                0.86437,                0.92677,                0.80461,                0.47097,                0.37742,                0.97972,              0.0079012,              0.0079012,              0.0079012
                     56,                0.63132,                0.63307,                 1.0773,                0.91752,                0.86606,                0.92738,                0.80427,                0.47046,                0.37708,                0.97935,              0.0078616,              0.0078616,              0.0078616
                     57,                0.62922,                0.62913,                 1.0778,                0.91834,                0.86602,                  0.928,                0.80498,                0.47037,                0.37667,                0.97921,               0.007822,               0.007822,               0.007822
                     58,                0.62914,                0.63351,                 1.0752,                0.91796,                0.86601,                0.92812,                0.80488,                0.47013,                 0.3766,                 0.9789,              0.0077824,              0.0077824,              0.0077824
                     59,                0.62419,                  0.624,                 1.0737,                0.91785,                0.86698,                0.92803,                 0.8051,                0.46992,                0.37631,                0.97889,              0.0077428,              0.0077428,              0.0077428
                     60,                0.62623,                0.62707,                 1.0752,                0.91937,                0.86591,                0.92775,                0.80523,                0.46998,                0.37613,                0.97888,              0.0077032,              0.0077032,              0.0077032
                     61,                0.62206,                 0.6208,                 1.0748,                0.92014,                0.86492,                0.92828,                 0.8051,                 0.4697,                0.37547,                0.97877,              0.0076636,              0.0076636,              0.0076636
                     62,                0.62645,                0.62524,                 1.0735,                0.91894,                0.86535,                0.92785,                 0.8059,                0.46952,                0.37481,                0.97843,               0.007624,               0.007624,               0.007624
                     63,                0.62238,                0.61875,                 1.0744,                 0.9183,                0.86755,                0.92782,                0.80605,                0.46939,                0.37402,                0.97824,              0.0075844,              0.0075844,              0.0075844
                     64,                0.62566,                0.62536,                 1.0737,                 0.9204,                0.86666,                0.92825,                0.80638,                0.46937,                 0.3736,                 0.9782,              0.0075448,              0.0075448,              0.0075448
                     65,                0.62035,                0.61665,                 1.0718,                0.91986,                0.86638,                0.92827,                0.80614,                0.46919,                0.37288,                0.97805,              0.0075052,              0.0075052,              0.0075052
                     66,                0.62236,                0.61569,                 1.0731,                 0.9227,                0.86675,                0.92809,                0.80528,                0.46902,                0.37215,                0.97797,              0.0074656,              0.0074656,              0.0074656
                     67,                0.62052,                0.61972,                 1.0726,                0.92365,                0.86654,                0.92813,                0.80517,                0.46872,                0.37183,                0.97771,               0.007426,               0.007426,               0.007426
                     68,                0.62265,                0.61732,                  1.072,                0.92308,                0.86813,                0.92845,                0.80567,                0.46871,                0.37205,                0.97758,              0.0073864,              0.0073864,              0.0073864
                     69,                0.61727,                0.61367,                 1.0695,                0.92044,                0.87035,                0.92841,                0.80538,                 0.4685,                0.37148,                0.97734,              0.0073468,              0.0073468,              0.0073468
                     70,                0.61437,                0.61431,                 1.0685,                0.92159,                0.86993,                0.92878,                 0.8059,                0.46862,                0.37127,                0.97738,              0.0073072,              0.0073072,              0.0073072
                     71,                0.61862,                 0.6076,                 1.0692,                0.92406,                0.86823,                0.92899,                0.80593,                0.46826,                0.37084,                0.97708,              0.0072676,              0.0072676,              0.0072676
                     72,                0.62136,                0.61444,                 1.0721,                  0.922,                0.87143,                 0.9294,                0.80633,                0.46817,                0.37014,                0.97697,               0.007228,               0.007228,               0.007228
                     73,                0.62157,                0.60647,                 1.0718,                0.92271,                0.87199,                0.92942,                0.80664,                0.46814,                0.37011,                0.97702,              0.0071884,              0.0071884,              0.0071884
                     74,                0.61668,                0.60786,                 1.0673,                0.92489,                0.87131,                0.92959,                0.80773,                 0.4678,                0.36932,                0.97671,              0.0071488,              0.0071488,              0.0071488
                     75,                0.61555,                0.60143,                 1.0681,                0.92499,                 0.8713,                0.92966,                0.80736,                0.46793,                0.36931,                0.97676,              0.0071092,              0.0071092,              0.0071092
                     76,                0.61827,                0.60572,                   1.07,                0.92714,                0.87094,                0.93025,                0.80796,                0.46794,                0.36916,                0.97668,              0.0070696,              0.0070696,              0.0070696
                     77,                0.61597,                0.60544,                 1.0691,                0.93023,                0.86764,                0.93039,                0.80738,                0.46765,                0.36876,                0.97631,                0.00703,                0.00703,                0.00703
                     78,                0.61551,                0.60408,                 1.0674,                0.93037,                0.86547,                0.93067,                0.80807,                0.46746,                0.36798,                0.97609,              0.0069904,              0.0069904,              0.0069904
                     79,                  0.618,                0.60289,                 1.0693,                0.92914,                0.86578,                0.93115,                0.80808,                0.46698,                0.36769,                 0.9757,              0.0069508,              0.0069508,              0.0069508
                     80,                0.61282,                0.59186,                 1.0655,                0.92994,                0.86543,                0.93138,                0.80925,                0.46655,                0.36696,                0.97547,              0.0069112,              0.0069112,              0.0069112
                     81,                0.61319,                0.59693,                  1.066,                 0.9295,                0.86569,                0.93139,                0.80898,                0.46651,                0.36659,                0.97551,              0.0068716,              0.0068716,              0.0068716
                     82,                0.61315,                0.59432,                 1.0657,                   0.93,                0.86566,                0.93162,                 0.8088,                0.46618,                0.36613,                0.97501,               0.006832,               0.006832,               0.006832
                     83,                0.61426,                0.59407,                 1.0677,                0.93202,                0.86551,                0.93214,                 0.8093,                0.46579,                0.36615,                0.97461,              0.0067924,              0.0067924,              0.0067924
                     84,                0.60918,                0.59119,                 1.0643,                0.93325,                0.86643,                0.93204,                0.80856,                0.46575,                0.36572,                0.97462,              0.0067528,              0.0067528,              0.0067528
                     85,                0.61116,                0.59303,                 1.0641,                0.93265,                0.86722,                0.93191,                0.80958,                 0.4655,                 0.3651,                 0.9744,              0.0067132,              0.0067132,              0.0067132
                     86,                0.60922,                0.59043,                 1.0641,                0.93181,                0.86408,                0.93212,                0.81015,                0.46533,                0.36462,                 0.9742,              0.0066736,              0.0066736,              0.0066736
                     87,                 0.6114,                0.59625,                 1.0674,                0.92397,                0.87024,                0.93221,                0.81118,                0.46496,                0.36425,                0.97391,               0.006634,               0.006634,               0.006634
                     88,                 0.6108,                0.59046,                 1.0663,                0.92113,                0.87435,                0.93241,                0.81263,                0.46475,                0.36359,                 0.9737,              0.0065944,              0.0065944,              0.0065944
                     89,                0.60921,                0.58317,                 1.0635,                0.92133,                0.87488,                0.93279,                0.81366,                0.46417,                0.36305,                0.97352,              0.0065548,              0.0065548,              0.0065548
                     90,                0.60672,                0.58301,                 1.0628,                0.92103,                0.87542,                 0.9329,                0.81448,                0.46392,                0.36208,                 0.9734,              0.0065152,              0.0065152,              0.0065152
                     91,                0.61016,                0.58967,                 1.0663,                0.92257,                0.87472,                0.93318,                0.81467,                0.46383,                0.36174,                0.97322,              0.0064756,              0.0064756,              0.0064756
                     92,                 0.6069,                0.58658,                 1.0632,                0.92395,                0.87442,                0.93373,                0.81564,                0.46402,                0.36097,                 0.9733,               0.006436,               0.006436,               0.006436
                     93,                0.60913,                0.58841,                 1.0662,                 0.9245,                0.87588,                0.93414,                0.81557,                0.46368,                0.36059,                0.97294,              0.0063964,              0.0063964,              0.0063964
                     94,                 0.6075,                0.58229,                  1.063,                0.92479,                 0.8755,                0.93423,                 0.8159,                0.46334,                0.36035,                0.97262,              0.0063568,              0.0063568,              0.0063568
                     95,                0.60624,                0.58304,                 1.0639,                0.92401,                0.87588,                 0.9342,                0.81607,                0.46313,                0.35978,                0.97224,              0.0063172,              0.0063172,              0.0063172
                     96,                0.60536,                0.57647,                 1.0632,                0.92489,                 0.8764,                0.93423,                0.81805,                0.46263,                0.35929,                0.97189,              0.0062776,              0.0062776,              0.0062776
                     97,                0.60774,                0.58094,                 1.0645,                0.92497,                0.87729,                0.93457,                0.81817,                0.46221,                0.35864,                0.97126,               0.006238,               0.006238,               0.006238
                     98,                0.60681,                0.58192,                 1.0651,                0.92354,                0.87758,                0.93488,                0.81822,                0.46197,                0.35873,                0.97109,              0.0061984,              0.0061984,              0.0061984
                     99,                0.60375,                0.57727,                 1.0627,                0.92449,                0.87721,                0.93478,                0.81874,                0.46201,                 0.3586,                0.97121,              0.0061588,              0.0061588,              0.0061588
                    100,                0.60157,                0.57393,                 1.0614,                0.92606,                0.87526,                0.93501,                 0.8184,                0.46171,                0.35872,                0.97071,              0.0061192,              0.0061192,              0.0061192
                    101,                0.60441,                0.56941,                 1.0632,                0.92534,                0.87651,                0.93484,                0.81802,                0.46131,                0.35798,                0.97029,              0.0060796,              0.0060796,              0.0060796
                    102,                0.60536,                 0.5732,                  1.063,                0.92587,                0.87676,                0.93495,                0.81835,                0.46092,                0.35784,                 0.9699,                0.00604,                0.00604,                0.00604
                    103,                0.60233,                 0.5741,                 1.0617,                0.92527,                0.87633,                0.93533,                0.81847,                0.46067,                0.35691,                0.96965,              0.0060004,              0.0060004,              0.0060004
                    104,                0.60768,                0.57624,                 1.0648,                0.92475,                 0.8756,                0.93599,                 0.8198,                0.46056,                 0.3567,                0.96934,              0.0059608,              0.0059608,              0.0059608
                    105,                0.60295,                0.57266,                 1.0618,                0.92611,                0.87534,                0.93633,                0.82021,                0.46058,                0.35615,                0.96919,              0.0059212,              0.0059212,              0.0059212
                    106,                0.60045,                0.56989,                 1.0596,                0.92612,                 0.8754,                0.93675,                0.82053,                0.46002,                0.35517,                0.96881,              0.0058816,              0.0058816,              0.0058816
                    107,                0.59652,                0.56936,                  1.059,                0.92558,                0.87622,                0.93683,                0.81998,                0.45976,                0.35453,                0.96856,               0.005842,               0.005842,               0.005842
                    108,                0.60151,                 0.5654,                 1.0613,                0.92963,                0.87413,                0.93692,                0.82075,                0.45951,                0.35402,                0.96838,              0.0058024,              0.0058024,              0.0058024
                    109,                0.59727,                0.56618,                 1.0591,                 0.9301,                0.87474,                0.93713,                0.82051,                  0.459,                0.35346,                  0.968,              0.0057628,              0.0057628,              0.0057628
                    110,                0.60047,                0.56587,                   1.06,                0.93093,                0.87454,                0.93747,                0.82096,                0.45871,                0.35259,                0.96765,              0.0057232,              0.0057232,              0.0057232
                    111,                0.59849,                0.56297,                 1.0565,                0.92895,                0.87561,                0.93764,                0.82188,                0.45839,                 0.3518,                0.96729,              0.0056836,              0.0056836,              0.0056836
                    112,                 0.5956,                0.56164,                 1.0571,                0.92944,                0.87433,                0.93792,                0.82281,                0.45823,                0.35125,                 0.9671,               0.005644,               0.005644,               0.005644
                    113,                 0.5999,                0.56449,                   1.06,                0.92952,                 0.8744,                0.93797,                0.82199,                0.45797,                0.35105,                0.96696,              0.0056044,              0.0056044,              0.0056044
                    114,                0.59386,                0.55895,                  1.057,                0.92948,                0.87317,                0.93812,                0.82269,                0.45756,                0.35038,                0.96668,              0.0055648,              0.0055648,              0.0055648
                    115,                0.59636,                0.55445,                  1.057,                0.92875,                0.87352,                0.93767,                0.82295,                 0.4573,                0.35013,                0.96632,              0.0055252,              0.0055252,              0.0055252
                    116,                0.59818,                0.55985,                 1.0579,                0.93047,                0.87267,                0.93797,                0.82287,                0.45681,                0.34956,                0.96578,              0.0054856,              0.0054856,              0.0054856
                    117,                0.59333,                0.55959,                 1.0564,                0.92841,                0.87459,                0.93776,                0.82291,                0.45642,                0.34946,                0.96548,               0.005446,               0.005446,               0.005446
                    118,                0.59917,                0.56049,                 1.0591,                0.93294,                0.86822,                0.93823,                0.82376,                0.45624,                0.34924,                0.96535,              0.0054064,              0.0054064,              0.0054064
                    119,                0.59445,                0.55388,                 1.0573,                0.93041,                0.87132,                0.93867,                0.82505,                0.45614,                0.34914,                0.96501,              0.0053668,              0.0053668,              0.0053668
                    120,                0.59286,                0.55136,                 1.0547,                0.93076,                0.87396,                0.93869,                 0.8261,                0.45589,                0.34872,                0.96484,              0.0053272,              0.0053272,              0.0053272
                    121,                0.59468,                0.55338,                 1.0563,                0.93111,                0.87337,                0.93912,                0.82612,                 0.4557,                 0.3489,                0.96479,              0.0052876,              0.0052876,              0.0052876
                    122,                0.59119,                0.55311,                 1.0557,                0.93053,                0.87447,                0.93957,                 0.8262,                 0.4556,                0.34885,                0.96479,               0.005248,               0.005248,               0.005248
                    123,                0.59244,                0.55209,                 1.0571,                0.92726,                0.87485,                0.93951,                0.82519,                0.45524,                0.34854,                0.96443,              0.0052084,              0.0052084,              0.0052084
                    124,                0.59179,                0.54832,                 1.0543,                0.92744,                0.87509,                0.93997,                0.82523,                0.45544,                0.34844,                0.96449,              0.0051688,              0.0051688,              0.0051688
                    125,                0.59151,                0.55024,                 1.0537,                0.92554,                 0.8765,                0.93997,                0.82553,                0.45542,                0.34807,                0.96439,              0.0051292,              0.0051292,              0.0051292
                    126,                0.58735,                0.54618,                 1.0537,                0.93459,                0.86537,                0.93983,                0.82458,                0.45528,                0.34761,                0.96415,              0.0050896,              0.0050896,              0.0050896
                    127,                0.58948,                0.54963,                 1.0532,                0.93485,                0.86654,                0.93995,                0.82465,                0.45495,                0.34752,                0.96389,                0.00505,                0.00505,                0.00505
                    128,                0.59134,                 0.5491,                 1.0577,                 0.9368,                0.87017,                0.94049,                0.82432,                0.45442,                 0.3471,                0.96327,              0.0050104,              0.0050104,              0.0050104
                    129,                0.59115,                0.54586,                 1.0542,                0.93546,                0.86971,                0.94053,                0.82495,                0.45429,                0.34669,                0.96318,              0.0049708,              0.0049708,              0.0049708
                    130,                0.59194,                0.53933,                 1.0542,                0.93302,                0.87567,                0.94038,                0.82354,                0.45411,                0.34644,                0.96307,              0.0049312,              0.0049312,              0.0049312
                    131,                0.59124,                0.54407,                 1.0538,                0.93341,                0.87418,                0.94059,                0.82272,                0.45372,                0.34574,                0.96272,              0.0048916,              0.0048916,              0.0048916
                    132,                0.58636,                0.54252,                 1.0521,                0.93956,                0.87019,                0.94097,                0.82177,                0.45369,                0.34547,                0.96235,               0.004852,               0.004852,               0.004852
                    133,                0.58754,                0.54272,                 1.0541,                0.93924,                0.87074,                0.94096,                0.82201,                0.45337,                0.34495,                0.96199,              0.0048124,              0.0048124,              0.0048124
                    134,                0.58501,                0.53569,                 1.0502,                0.94069,                0.87046,                0.94128,                0.82208,                0.45336,                0.34503,                 0.9619,              0.0047728,              0.0047728,              0.0047728
                    135,                0.58537,                0.53822,                 1.0498,                0.92573,                0.88359,                0.94134,                 0.8225,                 0.4532,                0.34459,                0.96161,              0.0047332,              0.0047332,              0.0047332
                    136,                0.58663,                0.53583,                 1.0505,                0.92856,                0.88309,                0.94158,                0.82238,                0.45292,                0.34424,                0.96146,              0.0046936,              0.0046936,              0.0046936
                    137,                0.58595,                0.53668,                 1.0512,                0.93867,                0.87679,                0.94203,                 0.8227,                0.45261,                 0.3438,                0.96129,               0.004654,               0.004654,               0.004654
                    138,                0.58511,                0.53675,                 1.0502,                0.93971,                0.87688,                0.94247,                0.82363,                0.45228,                0.34352,                0.96123,              0.0046144,              0.0046144,              0.0046144
                    139,                0.58073,                0.53326,                 1.0487,                0.93927,                0.87751,                0.94243,                0.82365,                0.45228,                0.34337,                0.96123,              0.0045748,              0.0045748,              0.0045748
                    140,                0.58278,                0.53491,                 1.0505,                0.94003,                0.87749,                0.94252,                0.82368,                0.45205,                0.34342,                0.96116,              0.0045352,              0.0045352,              0.0045352
                    141,                0.58488,                0.53319,                 1.0521,                0.94098,                0.87719,                0.94247,                0.82323,                0.45195,                0.34327,                0.96117,              0.0044956,              0.0044956,              0.0044956
                    142,                0.58018,                0.52843,                  1.047,                0.92987,                0.89059,                0.94316,                0.82411,                0.45188,                0.34321,                  0.961,               0.004456,               0.004456,               0.004456
                    143,                0.58235,                0.53107,                 1.0493,                0.93546,                0.88709,                0.94323,                0.82525,                0.45175,                0.34283,                  0.961,              0.0044164,              0.0044164,              0.0044164
                    144,                0.57927,                0.52731,                 1.0483,                0.93612,                 0.8862,                0.94349,                0.82558,                0.45169,                0.34216,                0.96093,              0.0043768,              0.0043768,              0.0043768
                    145,                0.57553,                 0.5287,                 1.0456,                0.93505,                0.88619,                0.94372,                0.82558,                0.45146,                0.34184,                0.96082,              0.0043372,              0.0043372,              0.0043372
                    146,                0.58153,                0.52902,                 1.0496,                0.93308,                0.88861,                0.94385,                0.82636,                0.45114,                0.34132,                0.96065,              0.0042976,              0.0042976,              0.0042976
                    147,                0.57736,                0.52649,                 1.0466,                0.93037,                0.88852,                0.94378,                0.82696,                0.45106,                 0.3408,                0.96047,               0.004258,               0.004258,               0.004258
                    148,                0.57931,                0.52216,                 1.0465,                0.93048,                0.89053,                0.94416,                0.82706,                0.45116,                0.34069,                0.96063,              0.0042184,              0.0042184,              0.0042184
                    149,                0.57909,                0.52452,                 1.0471,                 0.9356,                0.88957,                0.94425,                0.82697,                0.45088,                 0.3406,                0.96042,              0.0041788,              0.0041788,              0.0041788
                    150,                0.57768,                0.52349,                  1.048,                0.93196,                0.89502,                0.94434,                0.82566,                0.45044,                0.33991,                0.96009,              0.0041392,              0.0041392,              0.0041392
                    151,                0.57535,                0.51744,                 1.0466,                0.93448,                0.89277,                0.94434,                0.82531,                0.45043,                0.33953,                0.96021,              0.0040996,              0.0040996,              0.0040996
                    152,                0.57391,                0.51948,                 1.0453,                0.93341,                0.89324,                0.94455,                0.82464,                0.45026,                0.33959,                0.96016,                0.00406,                0.00406,                0.00406
                    153,                0.57547,                0.52088,                 1.0462,                0.93531,                0.89259,                0.94476,                0.82474,                0.45025,                0.33906,                0.96014,              0.0040204,              0.0040204,              0.0040204
                    154,                0.57779,                0.51808,                 1.0459,                0.93551,                0.89503,                0.94503,                 0.8247,                0.45015,                0.33865,                0.96015,              0.0039808,              0.0039808,              0.0039808
                    155,                0.57456,                0.51679,                 1.0455,                0.93503,                0.89744,                0.94517,                0.82533,                0.45011,                0.33837,                0.96013,              0.0039412,              0.0039412,              0.0039412
                    156,                0.57534,                0.51591,                 1.0449,                0.93204,                0.89857,                0.94523,                0.82577,                0.45033,                0.33848,                0.96014,              0.0039016,              0.0039016,              0.0039016
                    157,                0.57071,                0.51097,                 1.0421,                 0.9327,                0.90017,                0.94551,                0.82746,                0.45011,                0.33847,                0.95993,               0.003862,               0.003862,               0.003862
                    158,                0.57346,                0.51313,                 1.0434,                0.93812,                0.89424,                0.94598,                 0.8278,                0.44978,                 0.3385,                0.95978,              0.0038224,              0.0038224,              0.0038224
                    159,                0.57087,                0.51368,                 1.0436,                0.93632,                0.89458,                0.94628,                0.82843,                0.44956,                0.33835,                0.95961,              0.0037828,              0.0037828,              0.0037828
                    160,                0.57307,                0.51454,                 1.0454,                0.93367,                0.89516,                0.94603,                0.82788,                 0.4496,                0.33799,                0.95954,              0.0037432,              0.0037432,              0.0037432
                    161,                0.57037,                0.50967,                  1.044,                0.93458,                0.89452,                0.94648,                0.82849,                0.44952,                0.33808,                0.95936,              0.0037036,              0.0037036,              0.0037036
                    162,                0.56748,                0.50728,                 1.0418,                0.92978,                0.90061,                0.94645,                 0.8282,                0.44933,                 0.3378,                0.95925,               0.003664,               0.003664,               0.003664
                    163,                0.56819,                0.50326,                 1.0414,                0.92629,                0.90162,                0.94661,                0.82799,                0.44926,                0.33747,                0.95929,              0.0036244,              0.0036244,              0.0036244
                    164,                0.56825,                0.50772,                 1.0415,                0.92829,                0.90164,                0.94666,                0.82868,                0.44907,                0.33714,                0.95913,              0.0035848,              0.0035848,              0.0035848
                    165,                0.56837,                0.50427,                 1.0413,                0.92884,                  0.901,                0.94667,                0.82946,                0.44917,                0.33636,                0.95911,              0.0035452,              0.0035452,              0.0035452
                    166,                0.56738,                0.50199,                 1.0424,                 0.9298,                0.90208,                0.94652,                0.82877,                0.44879,                0.33624,                0.95853,              0.0035056,              0.0035056,              0.0035056
                    167,                0.56694,                0.50445,                 1.0402,                0.93214,                0.89628,                 0.9467,                0.82946,                 0.4487,                0.33639,                0.95839,               0.003466,               0.003466,               0.003466
                    168,                0.56483,                0.49723,                 1.0415,                0.93303,                0.89499,                0.94662,                0.82907,                0.44852,                0.33609,                0.95827,              0.0034264,              0.0034264,              0.0034264
                    169,                0.56599,                 0.4992,                 1.0412,                0.93104,                0.89794,                0.94669,                0.82931,                0.44855,                0.33584,                0.95816,              0.0033868,              0.0033868,              0.0033868
                    170,                0.56408,                0.50118,                 1.0409,                 0.9302,                0.89829,                 0.9465,                0.82953,                 0.4485,                0.33565,                0.95823,              0.0033472,              0.0033472,              0.0033472
                    171,                0.56645,                0.50274,                 1.0401,                0.93327,                0.89639,                 0.9466,                0.82959,                0.44852,                0.33561,                0.95819,              0.0033076,              0.0033076,              0.0033076
                    172,                0.56061,                0.49554,                 1.0374,                0.93186,                0.89734,                0.94642,                0.82932,                0.44835,                0.33521,                0.95808,               0.003268,               0.003268,               0.003268
                    173,                0.56214,                0.49747,                 1.0396,                 0.9385,                0.89351,                0.94656,                0.82942,                0.44837,                0.33498,                0.95825,              0.0032284,              0.0032284,              0.0032284
                    174,                0.55877,                0.49138,                 1.0367,                0.94042,                 0.8935,                0.94698,                0.82972,                0.44812,                0.33454,                0.95814,              0.0031888,              0.0031888,              0.0031888
                    175,                0.56053,                0.49011,                 1.0374,                0.94266,                0.89287,                0.94721,                0.82922,                0.44809,                0.33435,                0.95809,              0.0031492,              0.0031492,              0.0031492
                    176,                0.56082,                0.49056,                 1.0363,                0.94276,                0.89319,                0.94735,                0.83051,                0.44821,                0.33379,                0.95815,              0.0031096,              0.0031096,              0.0031096
                    177,                0.55842,                0.49106,                 1.0366,                0.93918,                0.89565,                0.94714,                0.82967,                0.44819,                0.33381,                0.95823,                0.00307,                0.00307,                0.00307
                    178,                0.55849,                0.48658,                 1.0359,                 0.9351,                0.89833,                 0.9473,                0.83093,                0.44808,                0.33353,                0.95817,              0.0030304,              0.0030304,              0.0030304
                    179,                 0.5585,                0.49034,                 1.0372,                0.94379,                0.89462,                0.94756,                0.83178,                0.44763,                0.33263,                0.95787,              0.0029908,              0.0029908,              0.0029908
                    180,                0.55537,                0.48345,                 1.0361,                0.94417,                0.89469,                0.94749,                0.83294,                0.44739,                 0.3318,                0.95762,              0.0029512,              0.0029512,              0.0029512
                    181,                0.55967,                0.48762,                 1.0369,                0.94399,                0.89696,                0.94774,                0.83203,                 0.4473,                0.33183,                0.95764,              0.0029116,              0.0029116,              0.0029116
                    182,                 0.5584,                0.48131,                 1.0373,                 0.9437,                0.89711,                0.94777,                0.83252,                 0.4474,                0.33222,                0.95777,               0.002872,               0.002872,               0.002872
                    183,                0.55834,                0.48745,                 1.0359,                0.94234,                0.89837,                0.94765,                 0.8326,                0.44726,                0.33249,                0.95744,              0.0028324,              0.0028324,              0.0028324
                    184,                0.55637,                0.48289,                 1.0358,                0.94516,                  0.896,                 0.9478,                0.83325,                0.44717,                0.33217,                0.95737,              0.0027928,              0.0027928,              0.0027928
                    185,                0.55634,                0.48254,                 1.0367,                0.94384,                0.89887,                0.94777,                0.83349,                0.44716,                0.33163,                0.95731,              0.0027532,              0.0027532,              0.0027532
                    186,                0.55447,                0.47769,                 1.0363,                 0.9449,                0.89827,                0.94768,                 0.8338,                0.44729,                 0.3316,                0.95735,              0.0027136,              0.0027136,              0.0027136
                    187,                0.55449,                0.48173,                 1.0334,                0.94623,                0.89911,                0.94782,                0.83223,                0.44768,                0.33161,                0.95762,               0.002674,               0.002674,               0.002674
                    188,                0.55219,                0.48057,                  1.033,                0.94616,                0.89879,                0.94776,                0.83234,                0.44772,                0.33126,                0.95753,              0.0026344,              0.0026344,              0.0026344
                    189,                0.55352,                0.47952,                  1.033,                 0.9444,                 0.8953,                 0.9477,                 0.8322,                0.44768,                0.33134,                0.95744,              0.0025948,              0.0025948,              0.0025948
                    190,                0.55313,                0.47678,                  1.033,                0.94334,                0.89757,                0.94783,                0.83123,                0.44765,                0.33123,                0.95745,              0.0025552,              0.0025552,              0.0025552
                    191,                0.55088,                0.47152,                 1.0325,                0.94217,                0.89926,                0.94782,                0.83156,                0.44754,                0.33124,                0.95727,              0.0025156,              0.0025156,              0.0025156
                    192,                0.55011,                0.47321,                 1.0309,                0.94305,                0.89955,                0.94787,                0.83162,                0.44755,                0.33106,                0.95731,               0.002476,               0.002476,               0.002476
                    193,                0.54566,                0.46895,                 1.0295,                0.94166,                0.90018,                0.94789,                0.83159,                0.44755,                0.33126,                0.95731,              0.0024364,              0.0024364,              0.0024364
                    194,                0.54853,                0.46886,                 1.0317,                0.93802,                0.90227,                0.94787,                0.83219,                0.44749,                0.33113,                0.95706,              0.0023968,              0.0023968,              0.0023968
                    195,                0.54755,                0.46446,                 1.0297,                0.93724,                0.90241,                0.94789,                0.83357,                0.44728,                 0.3311,                0.95682,              0.0023572,              0.0023572,              0.0023572
                    196,                0.54651,                0.46645,                 1.0295,                0.94251,                0.89844,                0.94796,                0.83412,                0.44736,                0.33062,                0.95683,              0.0023176,              0.0023176,              0.0023176
                    197,                0.54521,                0.46568,                 1.0296,                0.94235,                0.89885,                0.94788,                0.83428,                0.44717,                0.33036,                0.95665,               0.002278,               0.002278,               0.002278
                    198,                0.54417,                0.46625,                 1.0306,                0.93684,                0.90485,                0.94759,                0.83328,                0.44737,                0.33043,                0.95677,              0.0022384,              0.0022384,              0.0022384
                    199,                0.54543,                0.46248,                 1.0284,                0.94344,                0.89852,                0.94739,                0.83345,                0.44737,                0.33029,                0.95665,              0.0021988,              0.0021988,              0.0021988
                    200,                 0.5442,                0.46387,                 1.0296,                0.94109,                 0.9002,                0.94725,                0.83296,                0.44735,                0.33051,                0.95663,              0.0021592,              0.0021592,              0.0021592
                    201,                0.54595,                0.46047,                 1.0292,                0.94132,                0.89834,                0.94711,                0.83289,                0.44741,                0.33081,                 0.9567,              0.0021196,              0.0021196,              0.0021196
                    202,                0.54238,                0.45857,                 1.0281,                0.94032,                0.89924,                0.94711,                0.83277,                0.44721,                0.33087,                0.95656,                0.00208,                0.00208,                0.00208
                    203,                0.53858,                0.45502,                 1.0259,                0.94132,                0.89914,                0.94698,                0.83311,                0.44714,                 0.3307,                0.95658,              0.0020404,              0.0020404,              0.0020404
                    204,                0.54208,                0.45463,                 1.0273,                0.94145,                 0.8991,                0.94688,                0.83198,                0.44719,                0.33074,                0.95655,              0.0020008,              0.0020008,              0.0020008
                    205,                0.53586,                 0.4515,                 1.0241,                0.93763,                0.89857,                 0.9468,                0.83227,                0.44699,                0.33045,                 0.9564,              0.0019612,              0.0019612,              0.0019612
                    206,                0.53879,                0.45348,                 1.0234,                0.93556,                 0.9016,                0.94678,                0.83192,                0.44707,                0.33087,                0.95647,              0.0019216,              0.0019216,              0.0019216
                    207,                0.53384,                0.44855,                 1.0221,                0.93648,                0.90202,                0.94651,                0.83257,                0.44671,                0.33087,                0.95626,               0.001882,               0.001882,               0.001882
                    208,                0.53603,                0.44786,                 1.0247,                0.93633,                 0.9018,                0.94636,                0.83225,                0.44671,                0.33055,                0.95625,              0.0018424,              0.0018424,              0.0018424
                    209,                0.53597,                0.44825,                 1.0246,                 0.9352,                0.90104,                0.94631,                0.83231,                0.44658,                0.33064,                0.95605,              0.0018028,              0.0018028,              0.0018028
                    210,                0.53802,                 0.4454,                 1.0252,                0.93478,                0.90163,                0.94621,                0.83168,                0.44684,                0.33086,                0.95614,              0.0017632,              0.0017632,              0.0017632
                    211,                0.53295,                0.44196,                 1.0237,                0.93607,                0.90292,                0.94786,                0.83275,                0.44668,                0.33147,                0.95582,              0.0017236,              0.0017236,              0.0017236
                    212,                0.53322,                0.44093,                 1.0216,                0.93424,                0.90204,                0.94676,                0.83267,                0.44649,                0.33114,                 0.9557,               0.001684,               0.001684,               0.001684
                    213,                0.53382,                0.44188,                 1.0218,                0.93393,                0.90227,                0.94678,                0.83225,                0.44604,                0.33144,                0.95519,              0.0016444,              0.0016444,              0.0016444
                    214,                0.53142,                0.43784,                  1.021,                0.93313,                0.90335,                0.94686,                0.83276,                0.44546,                0.33106,                 0.9549,              0.0016048,              0.0016048,              0.0016048
                    215,                0.52802,                 0.4356,                 1.0204,                0.93423,                0.90313,                 0.9471,                0.83241,                0.44561,                0.33085,                  0.955,              0.0015652,              0.0015652,              0.0015652
                    216,                0.52973,                0.43648,                 1.0205,                0.93064,                0.90621,                0.94697,                0.83285,                0.44552,                0.33097,                0.95496,              0.0015256,              0.0015256,              0.0015256
                    217,                 0.5271,                0.43357,                 1.0189,                0.93167,                0.90516,                  0.947,                0.83257,                0.44552,                0.33045,                0.95493,               0.001486,               0.001486,               0.001486
                    218,                0.52518,                0.43072,                 1.0172,                0.93447,                0.90307,                0.94707,                0.83381,                0.44565,                0.33038,                0.95496,              0.0014464,              0.0014464,              0.0014464
                    219,                0.52471,                  0.428,                 1.0183,                0.93404,                0.90338,                 0.9472,                 0.8341,                0.44551,                0.33028,                 0.9549,              0.0014068,              0.0014068,              0.0014068
                    220,                0.52595,                0.42989,                 1.0184,                0.93422,                0.90361,                0.94728,                0.83464,                0.44523,                0.33005,                0.95475,              0.0013672,              0.0013672,              0.0013672
                    221,                0.52224,                0.42668,                 1.0168,                0.93351,                0.90395,                0.94739,                0.83554,                0.44516,                0.33011,                0.95477,              0.0013276,              0.0013276,              0.0013276
                    222,                0.52175,                0.42423,                 1.0168,                0.93897,                 0.9013,                 0.9479,                0.83423,                0.44511,                0.32962,                0.95469,               0.001288,               0.001288,               0.001288
                    223,                0.52113,                0.42597,                 1.0142,                0.93827,                0.90203,                0.94791,                0.83263,                0.44529,                0.32936,                0.95485,              0.0012484,              0.0012484,              0.0012484
                    224,                0.52036,                0.42424,                 1.0161,                0.93688,                0.90304,                0.94826,                 0.8337,                0.44545,                0.32909,                0.95505,              0.0012088,              0.0012088,              0.0012088
                    225,                0.52176,                 0.4239,                 1.0159,                0.93303,                0.90589,                0.94838,                0.83241,                0.44545,                0.32914,                0.95493,              0.0011692,              0.0011692,              0.0011692
                    226,                0.51571,                0.41996,                 1.0129,                0.93372,                0.90658,                0.94829,                0.83241,                0.44559,                0.32907,                0.95496,              0.0011296,              0.0011296,              0.0011296
                    227,                 0.5201,                0.41904,                 1.0151,                0.93313,                0.90722,                0.94826,                0.83225,                0.44583,                0.32909,                0.95513,                0.00109,                0.00109,                0.00109
                    228,                0.51506,                0.41483,                 1.0136,                0.93419,                0.90681,                0.94807,                0.83157,                0.44575,                0.32931,                0.95504,              0.0010504,              0.0010504,              0.0010504
                    229,                0.51392,                0.41072,                 1.0122,                0.93531,                0.90408,                0.94819,                 0.8322,                 0.4458,                0.32933,                0.95512,              0.0010108,              0.0010108,              0.0010108
                    230,                 0.5141,                0.41171,                 1.0125,                0.93329,                0.90699,                0.94823,                0.83279,                0.44568,                0.32932,                0.95491,              0.0009712,              0.0009712,              0.0009712
                    231,                0.51231,                0.41342,                 1.0125,                0.93431,                 0.9064,                0.94813,                0.83208,                0.44542,                0.32928,                0.95474,              0.0009316,              0.0009316,              0.0009316
                    232,                0.51347,                0.41055,                 1.0107,                0.93252,                0.90773,                0.94793,                0.83196,                0.44534,                0.32907,                0.95471,               0.000892,               0.000892,               0.000892
                    233,                 0.5107,                0.40667,                 1.0113,                 0.9351,                0.90587,                0.94794,                0.83209,                0.44543,                 0.3293,                0.95467,              0.0008524,              0.0008524,              0.0008524
                    234,                0.50878,                0.40582,                 1.0086,                0.92713,                0.91081,                0.94784,                0.83224,                0.44531,                0.32942,                0.95454,              0.0008128,              0.0008128,              0.0008128
                    235,                0.50909,                 0.4049,                 1.0102,                0.93573,                0.90186,                0.94782,                0.83309,                0.44515,                0.32947,                0.95433,              0.0007732,              0.0007732,              0.0007732
                    236,                0.50986,                0.40561,                 1.0077,                0.93547,                 0.9037,                0.94786,                0.83192,                0.44521,                0.32924,                0.95434,              0.0007336,              0.0007336,              0.0007336
                    237,                0.50598,                0.39987,                 1.0085,                0.93951,                0.90283,                 0.9479,                0.83267,                0.44515,                0.32972,                0.95436,               0.000694,               0.000694,               0.000694
                    238,                0.50572,                0.39914,                  1.006,                0.94227,                0.90342,                0.94772,                0.83345,                0.44518,                0.32976,                 0.9544,              0.0006544,              0.0006544,              0.0006544
                    239,                0.50317,                0.39389,                 1.0079,                0.94154,                0.90332,                0.94764,                0.83335,                0.44506,                0.33006,                0.95432,              0.0006148,              0.0006148,              0.0006148
                    240,                0.50232,                0.39311,                 1.0063,                 0.9423,                0.90062,                0.94744,                0.83302,                0.44513,                0.33033,                0.95438,              0.0005752,              0.0005752,              0.0005752
                    241,                0.38213,                0.26237,                0.93535,                0.93942,                0.90178,                0.94743,                0.83251,                0.44494,                0.33026,                0.95439,              0.0005356,              0.0005356,              0.0005356
                    242,                0.37805,                 0.2549,                 0.9336,                0.94039,                 0.9003,                0.94729,                0.83296,                0.44465,                0.33039,                0.95416,               0.000496,               0.000496,               0.000496
                    243,                 0.3732,                0.25284,                0.93163,                0.93905,                0.90021,                0.94723,                0.83284,                0.44462,                 0.3303,                0.95412,              0.0004564,              0.0004564,              0.0004564
                    244,                0.37174,                0.24901,                0.92926,                0.94208,                0.89656,                  0.947,                0.83298,                0.44427,                0.33023,                0.95391,              0.0004168,              0.0004168,              0.0004168
                    245,                0.37032,                0.24775,                0.92893,                 0.9441,                0.89631,                0.94714,                0.83232,                0.44425,                0.33025,                0.95399,              0.0003772,              0.0003772,              0.0003772
                    246,                0.36632,                0.24424,                0.92572,                0.94465,                0.89556,                0.94728,                0.83299,                0.44409,                0.33009,                 0.9539,              0.0003376,              0.0003376,              0.0003376
                    247,                0.36666,                 0.2416,                0.92685,                0.94684,                0.89468,                0.94723,                0.83316,                0.44398,                0.32945,                0.95383,               0.000298,               0.000298,               0.000298
                    248,                0.36526,                0.24009,                  0.927,                0.94271,                0.89923,                0.94708,                0.83327,                0.44387,                0.32962,                0.95366,              0.0002584,              0.0002584,              0.0002584
                    249,                0.36445,                0.23853,                0.92347,                0.94254,                0.89956,                0.94696,                0.83353,                0.44399,                0.32976,                0.95362,              0.0002188,              0.0002188,              0.0002188
                    250,                0.36096,                0.23625,                0.91985,                0.93878,                0.90144,                0.94703,                0.83411,                 0.4439,                0.32965,                0.95345,              0.0001792,              0.0001792,              0.0001792
